epoch,time,train/box_loss,train/cls_loss,train/dfl_loss,metrics/precision(B),metrics/recall(B),metrics/mAP50(B),metrics/mAP50-95(B),val/box_loss,val/cls_loss,val/dfl_loss,lr/pg0,lr/pg1,lr/pg2
1,11.3924,0.87498,3.112,1.41543,0.00495,1,0.78564,0.56834,0.67689,3.40638,1.29449,0.000542744,0.000542744,0.000542744
2,24.1558,0.75541,2.4613,1.36204,0.90324,0.66667,0.899,0.67575,1.00879,3.23009,1.60851,0.000989668,0.000989668,0.000989668
3,36.5008,0.84017,2.18322,1.41156,0.30489,1,0.84357,0.58559,0.7836,18.3379,1.87562,0.00132657,0.00132657,0.00132657
4,48.8306,0.93831,1.87935,1.59779,0.30489,1,0.84357,0.58559,0.7836,18.3379,1.87562,0.0011719,0.0011719,0.0011719
5,61.0998,0.81016,1.90153,1.36965,0.47431,1,0.93083,0.58749,0.98911,10.4614,1.81243,0.00100687,0.00100687,0.00100687
6,73.4823,0.83409,1.82668,1.45499,0.63245,0.91953,0.90667,0.70285,0.88843,5.84547,1.60002,0.000841835,0.000841835,0.000841835
7,85.7782,0.74262,1.55025,1.33579,0.63245,0.91953,0.90667,0.70285,0.88843,5.84547,1.60002,0.000676802,0.000676802,0.000676802
8,98.4519,0.65747,1.55683,1.29987,0.89659,0.74394,0.88929,0.70941,0.795,2.20858,1.43226,0.000511769,0.000511769,0.000511769
9,111.474,0.59004,1.4662,1.21628,0.88471,0.85701,0.91779,0.7518,0.72775,1.90942,1.36269,0.000346736,0.000346736,0.000346736
